topic,difficulty,category,subcategory,keywords,search_intent
Layer Height,B,Slicer & Print Settings,Print Quality,layer height;3d print quality;layer resolution;layer lines,does layer height matter for quality
Infill,B,Slicer & Print Settings,Print Quality,infill;3d print infill;infill density;infill percentage,what infill percentage should I use
Supports,B,Slicer & Print Settings,Supports,supports;3d printing supports;support settings;overhang support,when do I need supports
Wall Line Count,B,Slicer & Print Settings,Print Quality,wall lines;perimeters;shell thickness;wall count,how many wall lines should I use
Top & Bottom Layers,B,Slicer & Print Settings,Print Quality,top layers;bottom layers;solid layers;slicer top thickness,how many top layers for a solid top
Print Speed vs Quality,B,Slicer & Print Settings,Print Quality,print speed;print quality;speed vs quality;fast printing,does print speed affect quality
Retraction Settings,I,Slicer & Print Settings,Extrusion,retraction;stringing fix;retraction distance;retraction speed,how to fix stringing with retraction
Z-Seam Alignment,I,Slicer & Print Settings,Print Quality,z seam;seam alignment;seam position;layer seam,how to hide the z seam
Cooling Fan Speed,I,Slicer & Print Settings,Cooling,cooling fan;part cooling;fan speed;overhang cooling,what fan speed for PLA
Print Temperature Windows,I,Slicer & Print Settings,Extrusion,print temperature;nozzle temperature;temp range;hotend temp,what temperature should I print at
Bed Temperature Basics,B,Slicer & Print Settings,Adhesion,bed temperature;bed temp;heated bed;first layer adhesion,what bed temperature should I use
First Layer Speed,B,Slicer & Print Settings,Adhesion,first layer speed;initial layer;first layer settings;bed adhesion,how slow should the first layer be
Ironing: What It Does,I,Slicer & Print Settings,Print Quality,ironing;ironing settings;smooth top layer;top surface finish,what does ironing do in a slicer
Adaptive Layer Height,A,Slicer & Print Settings,Print Quality,adaptive layer height;variable layer height;layer height variation,how to use adaptive layer height
Vase Mode Explained,I,Slicer & Print Settings,Print Quality,vase mode;spiralize;spiral vase;single wall print,what is vase mode
Spiral vs Normal Contours,I,Slicer & Print Settings,Extrusion,spiral contours;contour mode;spiral printing;vase mode contours,spiral contour printing explained
Slicer Skeleton: G-Code Paths,I,Slicer & Print Settings,G-Code,g-code paths;slicer skeleton;print moves;toolpath,how a slicer plans print paths
Coasting & Wipe,I,Slicer & Print Settings,Extrusion,coasting;wipe settings;nozzle ooze;pressure relief,what are coasting and wipe
Combing Mode,I,Slicer & Print Settings,Extrusion,combing;travel moves;nozzle retraction;combing mode,what does combing do
Travel Moves & Stringing,I,Slicer & Print Settings,Extrusion,travel moves;stringing;wipe on travel;retraction travel,why do travel moves cause stringing
Brim vs Raft vs Skirt,B,Slicer & Print Settings,Adhesion,brim;raft;skirt;bed adhesion helpers,brim raft or skirt which to use
Overlap & Extrusion Width,A,Slicer & Print Settings,Extrusion,extrusion width;overlap;line width;wall overlap,what is extrusion width overlap
Flow Rate Calibration,I,Slicer & Print Settings,Extrusion,flow rate;extrusion multiplier;flow calibration;over extrusion,how to calibrate flow rate
Linear Advance,A,Slicer & Print Settings,Extrusion,linear advance;k-factor;pressure control;corner blobs,what is linear advance
Pressure Advance,A,Slicer & Print Settings,Extrusion,pressure advance;klipper pa;pa tuning;filament pressure,how to tune pressure advance
Acceleration & Jerk Settings,I,Slicer & Print Settings,Motion,acceleration;jerk;print speed settings;motion quality,how do acceleration and jerk affect prints
Input Shaping,A,Slicer & Print Settings,Motion,input shaping;resonance compensation;ringing fix;klipper input shaper,what is input shaping
Bridge Settings,I,Slicer & Print Settings,Print Quality,bridging;bridge speed;bridge fan;bridge flow,how to tune bridging
Thin Wall Settings,I,Slicer & Print Settings,Print Quality,thin walls;single wall;thin feature printing;minimum wall,how to print thin walls
Infill Pattern Comparisons,I,Slicer & Print Settings,Infill,infill patterns;gyroid;cubic;grid infill;honeycomb,which infill pattern is strongest
Infill Density vs Strength,I,Slicer & Print Settings,Infill,infill density;part strength;lightweight parts;infill percentage,does infill density affect strength
Lightning Infill,A,Slicer & Print Settings,Infill,lightning infill;adaptive infill;tree-like infill;infill speed,what is lightning infill
Grid vs Gyroid vs Cubic,I,Slicer & Print Settings,Infill,gyroid;grid infill;cubic infill;infill comparison,gyroid vs grid vs cubic infill
Per-Object Settings,I,Slicer & Print Settings,Slicer Workflow,per object settings;object settings;multiple objects;per model settings,how to use per-object slicer settings
Print Order & Adhesion,I,Slicer & Print Settings,Slicer Workflow,print order;sequence printing;adhesion between parts;multi part print,which part prints first in a batch
Fan Cooling & Warping,I,Slicer & Print Settings,Cooling,fan cooling;warping;cooling and warping;ABS fan,does fan cooling cause warping
Minimum Layer Time,I,Slicer & Print Settings,Cooling,minimum layer time;small parts;layer cooling;slow down small layers,why do small parts overheat
Small Feature Speeds,I,Slicer & Print Settings,Print Quality,small features;small part quality;feature speed;tiny details,how to print small details cleanly
Fuzzy Skin Setting,I,Slicer & Print Settings,Print Quality,fuzzy skin;textured surface;fuzzy print;grip surface,what does fuzzy skin do
Custom Supports,I,Slicer & Print Settings,Supports,custom supports;manual supports;support painting;support blockers,how to add custom supports
Tree Supports,I,Slicer & Print Settings,Supports,tree supports;organic supports;support structure;tree support settings,are tree supports better
Support Interface Density,I,Slicer & Print Settings,Supports,support interface;support density;interface layers;support surface,what is support interface density
Z-Hop Explained,I,Slicer & Print Settings,Extrusion,z hop;z lift;retraction hop;nozzle dragging,what is z hop and when to use it
First Layer Flow,I,Slicer & Print Settings,Adhesion,first layer flow;initial layer flow;extrusion first layer;bottom layer flow,how much first layer flow do I need
Elephant Foot Compensation,I,Slicer & Print Settings,Adhesion,elephant foot;first layer bulge;compensation;bottom flare,how to fix elephant foot
Slicer Preview Reading,B,Slicer & Print Settings,Slicer Workflow,slicer preview;g-code preview;layer view;print preview,how to read the slicer preview
G-Code Explained,B,Slicer & Print Settings,G-Code,g-code;m code;g code commands;3d printer code,what is g-code
Slicing Speed vs Print Speed,B,Slicer & Print Settings,Slicer Workflow,slicing speed;print speed;difference;fast slicing,does slicer speed matter
Negative Expansion Offsets,A,Slicer & Print Settings,Print Quality,xy compensation;hole compensation;negative expansion;size accuracy,how to fix holes printing too small
Slicer Profiles: What Matters,B,Slicer & Print Settings,Slicer Workflow,slicer profile;profile settings;print profile;machine profile,which slicer profile should I use
PLA,B,Materials & Filament,Core Materials,pla;pla filament;pla settings;pla temperature,what is PLA filament
PETG,B,Materials & Filament,Core Materials,petg;petg filament;petg settings;petg vs pla,what is PETG filament
ABS,B,Materials & Filament,Core Materials,abs;abs filament;abs settings;abs fumes,what is ABS filament
TPU,I,Materials & Filament,Flexible Materials,tpu;flexible filament;tpu settings;flexible prints,how to print TPU
Nylon: PA,A,Materials & Filament,Engineering Materials,nylon;pa filament;nylon printing;pa12,how to print nylon
Polycarbonate: PC,A,Materials & Filament,Engineering Materials,polycarbonate;pc filament;pc printing;high temp filament,how to print polycarbonate
ASA,I,Materials & Filament,Core Materials,asa;asa filament;asa vs abs;outdoor prints,what is ASA filament
PVA Support Material,I,Materials & Filament,Support Materials,pva;water soluble supports;pva filament;dissolvable supports,how does PVA support work
PLA+ vs PLA,I,Materials & Filament,Core Materials,pla plus;pla+;pla+ vs pla;tough pla,is PLA+ worth it
Wood-Filled Filament,I,Materials & Filament,Composite Materials,wood filament;wood pla;wood filled;wood texture print,how to print wood filament
Carbon Fiber Composites,A,Materials & Filament,Composite Materials,carbon fiber filament;cf pla;carbon reinforced;cf nylon,what is carbon fiber filament
Metal-Filled Filament,I,Materials & Filament,Composite Materials,metal filament;metal pla;metal filled;bronze filament,how to print metal filament
Glow-in-the-Dark Filament,B,Materials & Filament,Novelty Materials,glow filament;glow in the dark;glow pla;glowing prints,how to print glow filament
Silk & Dual-Color Filament,B,Materials & Filament,Novelty Materials,silk filament;silk pla;dual color;dual color filament,what is silk filament
PETG vs ABS,I,Materials & Filament,Material Comparisons,petg vs abs;abs or petg;material choice;strong filament,PETG or ABS which is better
PLA vs PETG,B,Materials & Filament,Material Comparisons,pla vs petg;which filament;beginner filament;petg or pla,should I use PLA or PETG
Filament Drying,I,Materials & Filament,Material Care,filament drying;dry filament;drying box;filament dryer,why dry your filament
Moisture & Nylon,A,Materials & Filament,Material Care,nylon moisture;wet nylon;hygroscopic;drying nylon,why does nylon absorb water
Annealing PLA,A,Materials & Filament,Material Care,annealing pla;pla heat treatment;strength pla;annealed pla,can you anneal PLA
Filament Storage,B,Materials & Filament,Material Care,filament storage;storing filament;dry box;filament humidity,how to store filament
Spool Weight & Flow,I,Materials & Filament,Material Handling,spool weight;filament flow;spool accuracy;material weight,is spool weight exact
Filament Tolerance,I,Materials & Filament,Material Selection,filament tolerance;diameter tolerance;filament quality;1.75mm tolerance,does filament diameter tolerance matter
Recycled Filament,I,Materials & Filament,Sustainability,recycled filament;petg recycled;eco filament;sustainable printing,is recycled filament good
Pellets vs Filament,A,Materials & Filament,Industrial Materials,filament pellets;pellet extrusion;material cost;pellet printing,why use pellets over filament
Material Density & Part Weight,I,Materials & Filament,Material Properties,material density;part weight;lightweight parts;density pla,how much will my print weigh
Glass Transition Temperature,I,Materials & Filament,Material Properties,glass transition;tg temperature;pla tg;heat resistance,what is glass transition temperature
Heat Deflection Temperature,A,Materials & Filament,Material Properties,heat deflection;hdt;heat resistance testing;high temp use,what is HDT in materials
UV Degradation of Plastics,I,Materials & Filament,Material Properties,uv degradation;sunlight plastic;pla uv;outdoor filament,do prints degrade in the sun
Chemical Resistance,I,Materials & Filament,Material Properties,chemical resistance;petg chemicals;pla solvent;material compatibility,which filament resists chemicals
Hygroscopic Filaments,I,Materials & Filament,Material Properties,hygroscopic;water absorbing filament;dry materials;moisture filament,which filaments absorb water
Multicolor & AMS Systems,I,Materials & Filament,Advanced Workflow,multicolor printing;ams;filament switcher;multi filament,how do multicolor printers work
Filament Joining & Splicing,I,Materials & Filament,Material Handling,filament splice;join filament;filament welder;spool merge,how to join filament
Dual Extrusion & Ooze,A,Materials & Filament,Advanced Workflow,dual extrusion;ooze;prime tower;dual nozzle,why does dual extrusion ooze
Material Creep & Deformation,A,Materials & Filament,Material Properties,creep;cold flow;deformation;load over time,what is material creep in prints
Stress Relaxation in Parts,A,Materials & Filament,Material Properties,stress relaxation;bolt preload loss;printed fastener;plastic creep,why do printed parts loosen over time
PA-CF in Practice,A,Materials & Filament,Engineering Materials,pa cf;nylon carbon;cf nylon print;engineering filament,what is PA-CF filament
HIPS Support Material,A,Materials & Filament,Support Materials,hips;hips filament;limonene supports;dissolvable abs,what is HIPS filament
Flexible vs Rigid Materials,B,Materials & Filament,Material Selection,flexible filament;rigid vs flexible;shore hardness;tpu hardness,flexible or rigid filament
PLA Colorants & Dyes,I,Materials & Filament,Material Customization,pla colors;pigments;dyeing pla;custom color filament,can you dye PLA
Additive Masterbatches,A,Materials & Filament,Industrial Materials,masterbatch;color concentrate;filament production;additives plastic,what are masterbatches in filament
Material Data Sheets,I,Materials & Filament,Material Selection,material datasheet;tensile strength data;filament specs;mechanical data,how to read a filament datasheet
Izod vs Charpy Impact,A,Materials & Filament,Material Properties,izod;charpy;impact strength;notch test,izod vs charpy impact test
Young's Modulus for Printers,A,Materials & Filament,Material Properties,youngs modulus;stiffness filament;material stiffness;modulus comparison,what does young's modulus mean for prints
Filament Reel Issues,B,Materials & Filament,Material Handling,filament tangles;reel issues;filament knot;spool tangling,why does filament tangle
Choosing Your First Filament,B,Materials & Filament,Material Selection,first filament;which filament to buy;beginner material;filament guide,what filament should I start with
Bowden vs Direct Drive,I,Printer Hardware,Extrusion System,bowden;direct drive;extruder type;bowden vs direct,bowden or direct drive
Hotend Types,I,Printer Hardware,Extrusion System,hotend;hotend types;hotend upgrade;heat block,which hotend should I use
All-Metal Hotends,I,Printer Hardware,Extrusion System,all metal hotend;ptfe hotend;high temp hotend;hotend upgrade,why go all-metal hotend
Nozzle Materials,I,Printer Hardware,Extrusion System,nozzle material;hardened nozzle;brass nozzle;nozzle wear,which nozzle material do I need
Nozzle Diameter Effects,I,Printer Hardware,Extrusion System,nozzle diameter;0.4mm nozzle;0.6mm nozzle;nozzle size,does nozzle size matter
Thermistor Readings,I,Printer Hardware,Thermal System,thermistor;temp sensor;thermistor 3950;temperature reading,how does a thermistor work
Heat Break Explained,A,Printer Hardware,Thermal System,heat break;heatbreak;thermal gradient;hotend cooling,what does a heat break do
Heater Cartridges,I,Printer Hardware,Thermal System,heater cartridge;heater power;hotend heating;24v heater,how do heater cartridges work
PTFE Liner & Temperature,I,Printer Hardware,Thermal System,ptfe tube;ptfe degradation;capricorn tube;hotend liner,what temperature can PTFE handle
Extruder Gears & Grip,I,Printer Hardware,Extrusion System,extruder gear;bondtech;dual drive gear;filament grip,why does my extruder skip
Stepper Motors,I,Printer Hardware,Motion System,stepper motor;nema 17;step motor;motor torque,how do stepper motors work
Stepper Drivers,A,Printer Hardware,Motion System,stepper driver;tmc2209;driver current;microstepping,what do stepper drivers do
Lead Screws vs Belts,A,Printer Hardware,Motion System,lead screw;belt drive;z axis;motion system,lead screw or belt z-axis
Linear Rails,A,Printer Hardware,Motion System,linear rail;linear bearing;rails vs rods;mgn12,are linear rails worth it
Bed Leveling Sensors,I,Printer Hardware,Motion System,bed leveling;auto level;level sensor;bltouch,how does auto bed leveling work
Probing: BLTouch & CRTouch,I,Printer Hardware,Motion System,bltouch;crtouch;probe accuracy;z probe,bltouch or crtouch
Belt Tension,I,Printer Hardware,Motion System,belt tension;gt2 belt;belt tension gauge;loose belt,how tight should printer belts be
Frame Stiffness,A,Printer Hardware,Machine Structure,frame stiffness;printer rigidity;frame braces;machine flex,why does frame stiffness matter
CoreXY vs Cartesian,A,Printer Hardware,Machine Structure,corexy;cartesian printer;corexy vs cartesian;printer kinematics,corexy or cartesian
Delta vs Cartesian,A,Printer Hardware,Machine Structure,delta printer;cartesian vs delta;delta kinematics;printer types,delta or cartesian printer
XY Gantry Deflection,A,Printer Hardware,Machine Structure,gantry deflection;xy flex;toolhead sag;stiffness,what is gantry deflection
Z-Wobble Sources,I,Printer Hardware,Machine Structure,z wobble;z axis wobble;leadscrew wobble;vertical artifacts,what causes z wobble
Flexible Couplings,I,Printer Hardware,Machine Structure,flexible coupling;coupling z;motor coupling;z coupler,what do flexible couplings do
Print Bed Types,I,Printer Hardware,Bed System,build plate;glass bed;pei bed;print surface,which print bed surface is best
Magnetic Beds,I,Printer Hardware,Bed System,magnetic bed;flexible plate;magnetic print surface;spring steel,are magnetic beds good
PSU & Wiring Safety,I,Printer Hardware,Electrical System,psu;power supply;wiring safety;electrical printer,what power supply do I need
Mainboards & Firmware,I,Printer Hardware,Electrical System,mainboard;motherboard printer;firmware;control board,which mainboard should I choose
Klipper vs Marlin,I,Printer Hardware,Firmware,klipper;marlin;firmware comparison;klipper benefits,klipper or marlin
Closed-Loop Control,A,Printer Hardware,Motion System,closed loop;encoder feedback;open loop;servo steppers,what is closed-loop control
Resonance & VFAs,A,Printer Hardware,Motion System,vfa;resonance;ringing;vertical fine artifacts,what causes vertical fine artifacts
Enclosures & Drafts,I,Printer Hardware,Environment,printer enclosure;drafts;temperature stability;enclosure benefits,do I need an enclosure
Heated Chambers,A,Printer Hardware,Environment,heated chamber;chamber temperature;high temp printing;enclosure heating,why do pro printers heat the chamber
Dual Z-Axis,I,Printer Hardware,Motion System,dual z;dual z axis;z alignment;gantry sag,do I need dual z
Toolhead Mass,A,Printer Hardware,Machine Structure,toolhead weight;mass printing;lightweight toolhead;acceleration mass,does toolhead weight matter
Probe Accuracy & Repeatability,A,Printer Hardware,Motion System,probe accuracy;repeatability;z probe variance;leveling quality,how accurate is my probe
First-Layer Squish: Dial It In,B,Calibration & Troubleshooting,Adhesion,first layer;z offset;nozzle height;squish,how much squish on first layer
Warping Causes & Fixes,B,Calibration & Troubleshooting,Adhesion,warping;warp fix;curling corners;adhesion loss,why does my print warp
Stringing,B,Calibration & Troubleshooting,Extrusion,stringing;strings;stringing fix;ooze,how to fix stringing
Z-Banding,I,Calibration & Troubleshooting,Layer Artifacts,z banding;layer banding;ribbing;layer lines uneven,what causes z banding
Layer Shifting,I,Calibration & Troubleshooting,Layer Artifacts,layer shift;shifted layers;missed steps;print shift,why is my print shifting layers
Under-Extrusion,I,Calibration & Troubleshooting,Extrusion,under extrusion;gaps;thin walls;extrusion problems,why is my print under-extruding
Over-Extrusion,I,Calibration & Troubleshooting,Extrusion,over extrusion;blobs;excess material;extrusion too high,why is my print over-extruding
Blobs & Zits,I,Calibration & Troubleshooting,Extrusion,blobs;zits;blobs on print;nozzle blobs,how to remove blobs from prints
Gaps Between Walls,I,Calibration & Troubleshooting,Layer Artifacts,gaps walls;wall gaps;infill gaps;perimeter gaps,why gaps between walls
Poor Bed Adhesion,B,Calibration & Troubleshooting,Adhesion,bed adhesion;print not sticking;adhesion fix;first layer fails,why won't my print stick
Overhangs & Sagging,I,Calibration & Troubleshooting,Print Quality,overhang;sagging;overhang quality;drooping layers,why do overhangs sag
Ringing & Ghosting,I,Calibration & Troubleshooting,Motion Artifacts,ringing;ghosting;echo lines;vibration print,what causes ringing
Pillowing,I,Calibration & Troubleshooting,Layer Artifacts,pillowing;top layer gaps;top surface holes;top blobs,why is my top layer pillowing
Clogged Nozzle,I,Calibration & Troubleshooting,Extrusion,clogged nozzle;nozzle clog;clog fix;partial clog,how to fix a clogged nozzle
Heat Creep,A,Calibration & Troubleshooting,Extrusion,heat creep;heatcreep;filament jam;cold side,what is heat creep
Filament Grinding,I,Calibration & Troubleshooting,Extrusion,filament grinding;skipping extruder;filament shavings;extruder skip,why is my extruder grinding
Stuck Filament,I,Calibration & Troubleshooting,Extrusion,stuck filament;filament stuck;load filament;nozzle jam,how to remove stuck filament
Bed Leveling Routine,B,Calibration & Troubleshooting,Adhesion,bed leveling;level the bed;paper method;manual leveling,how to level the print bed
E-Step Calibration,I,Calibration & Troubleshooting,Extrusion,e steps;esteps calibration;extruder steps;steps per mm,how to calibrate e steps
Flow Calibration,I,Calibration & Troubleshooting,Extrusion,flow calibration;extrusion multiplier;flow test;calibrate flow,how to calibrate extrusion flow
Temperature Towers,I,Calibration & Troubleshooting,Calibration Prints,temperature tower;temp tower;temperature test;print temp test,how to read a temperature tower
Retraction Calibration,I,Calibration & Troubleshooting,Calibration Prints,retraction test;retraction tower;stringing test;retract calibrate,how to calibrate retraction
First-Layer Test Prints,B,Calibration & Troubleshooting,Calibration Prints,first layer test;test print;calibration print;level test,what is a first layer test
Benchy as Diagnostic,B,Calibration & Troubleshooting,Calibration Prints,benchy;3d benchy;test print;benchmark print,what can benchy tell me
Print-in-Place Failures,I,Calibration & Troubleshooting,Print Quality,print in place;stuck joints;fused parts;mechanisms,why does print-in-place stick
Layer Gaps from Retraction,A,Calibration & Troubleshooting,Layer Artifacts,layer gaps;retraction gaps;extrusion resume;seam gaps,why layer gaps after retraction
Overheating Small Parts,I,Calibration & Troubleshooting,Print Quality,overheating;small parts;minimum layer time;blobby details,why do small prints overheat
Corner Lifting,I,Calibration & Troubleshooting,Adhesion,corner lift;lifting corners;curling;warp edges,why do corners lift
Delamination & Splitting,I,Calibration & Troubleshooting,Layer Artifacts,delamination;layer split;layer separation;split print,why is my print splitting layers
Spaghetti Detection,I,Calibration & Troubleshooting,Print Quality,spaghetti;failed print;print failure;spaghetti detection,what causes spaghetti prints
Failed Print Recovery,I,Calibration & Troubleshooting,Print Quality,failed print;resume print;power loss;print recovery,how to recover a failed print
Z-Offset vs Z-Probe,I,Calibration & Troubleshooting,Adhesion,z offset;z probe;probe offset;nozzle probe gap,z offset or z probe offset
Manual Mesh Bed Leveling,I,Calibration & Troubleshooting,Adhesion,mesh leveling;manual mesh;bed mesh;leveling grid,what is manual mesh leveling
Belt Tension Diagnosis,I,Calibration & Troubleshooting,Motion Artifacts,belt tension;loose belt;belt tune;belt artifacts,how to tell if belts are loose
Frame Alignment Check,I,Calibration & Troubleshooting,Machine Structure,frame alignment;square frame;frame check;printer squaring,how to check frame alignment
Nozzle Wear Signs,I,Calibration & Troubleshooting,Extrusion,nozzle wear;worn nozzle;nozzle replacement;abrasive filament,when to replace a nozzle
Wet Filament Symptoms,I,Calibration & Troubleshooting,Extrusion,wet filament;moisture symptoms;popping;steam print,signs of wet filament
Ringing Test Prints,A,Calibration & Troubleshooting,Calibration Prints,ringing test;resonance test;ghosting test;tune ringing,how to test for ringing
VFA Test Prints,A,Calibration & Troubleshooting,Calibration Prints,vfa test;vertical artifacts test;surface test;print test,how to test for vfas
Flow Test Method,I,Calibration & Troubleshooting,Calibration Prints,flow test;single wall test;wall thickness test;flow cube,how to run a flow test
Pressure Advance Tuning,A,Calibration & Troubleshooting,Calibration Prints,pressure advance tune;pa test;tune pressure advance;pa tower,how to tune pressure advance
Input Shaper Tuning,A,Calibration & Troubleshooting,Calibration Prints,input shaper tune;resonance test;shaper calibration;vibration test,how to tune input shaping
Tuning Order,B,Calibration & Troubleshooting,Workflow,print tuning order;calibration order;first calibration;tuning sequence,what order should I calibrate
Print Logs & History,I,Calibration & Troubleshooting,Workflow,print logs;history;track prints;print journal,should I track print history
Baseline Profile Setup,I,Calibration & Troubleshooting,Workflow,baseline profile;default profile;known good settings;profile backup,how to make a baseline profile
Overhang Angles,B,Design for 3D Printing,Geometry,overhang angle;45 degree rule;overhang limit;print angles,what overhang angle is safe
Bridging Design,I,Design for 3D Printing,Geometry,bridging;bridge design;bridge span;gap bridging,how far can a print bridge
Fillets vs Chamfers,I,Design for 3D Printing,Geometry,fillets;chamfers;edge rounding;corner stress,fillet or chamfer
Wall Thickness Minimums,I,Design for 3D Printing,Geometry,minimum wall;wall thickness;thin walls;minimum feature,how thin can a wall be
Print Orientation Strength,I,Design for 3D Printing,Structural Design,print orientation;layer direction;part strength orientation;z strength,does orientation affect strength
Layer Adhesion & Part Strength,I,Design for 3D Printing,Structural Design,layer adhesion;bond strength;z strength;layer bonding,how strong is a printed part
Tolerances & Clearances,I,Design for 3D Printing,Fits,print tolerance;clearance;fit tolerance;moving parts,what clearance for moving parts
Press-Fit Design,I,Design for 3D Printing,Fits,press fit;interference fit;press fit tolerance;bearing press fit,how to design a press fit
Living Hinges,A,Design for 3D Printing,Mechanisms,living hinge;flexible hinge;printed hinge;petg hinge,how to design a living hinge
Snap Fits,I,Design for 3D Printing,Mechanisms,snap fit;snap joint;snap design;cantilever snap,how to design a snap fit
Threads: Cut vs Tapped vs Heat-Set,I,Design for 3D Printing,Fasteners,printed threads;tapped threads;heat set inserts;threads in prints,best way to add threads
Heat-Set Inserts,I,Design for 3D Printing,Fasteners,heat set insert;brass insert;insert boss;melt insert,how to use heat-set inserts
Generous Radii & Stress,A,Design for 3D Printing,Structural Design,stress concentration;radii;notch stress;corner stress,why do sharp corners crack
Avoid Sharp Corners,I,Design for 3D Printing,Geometry,sharp corners;corner strength;stress risers;rounded corners,why avoid sharp corners in prints
Hole Sizing & Shrinkage,I,Design for 3D Printing,Geometry,hole size;hole shrink;small holes;hole compensation,why are holes too small
Embossed Text Orientation,I,Design for 3D Printing,Geometry,embossed text;engraved text;text on prints;deboss,embossed or engraved text
Supports-Free Design,I,Design for 3D Printing,Geometry,design without supports;support free;self supporting;no supports,how to design without supports
Design for FDM vs Resin,I,Design for 3D Printing,Process Design,fdm vs resin design;print orientation resin;resin design rules,how does design change for resin
Draft Angles & Tapers,I,Design for 3D Printing,Geometry,draft angle;taper;release angle;wall taper,what is a draft angle
Internal Channels,A,Design for 3D Printing,Geometry,internal channels;cooling channels;flow channels;hidden passages,how to print internal channels
Self-Supporting Lattices,A,Design for 3D Printing,Lattices,lattice;self supporting lattice;lattice design;triply periodic,what lattices print without supports
Gyroid Lattice Parts,A,Design for 3D Printing,Lattices,gyroid;gyroid infill;gyroid lattice;lightweight lattice,what is a gyroid lattice
Lightweighting,A,Design for 3D Printing,Structural Design,lightweighting;weight reduction;shell design;ribbing,how to lighten a part
Print-in-Place Mechanisms,A,Design for 3D Printing,Mechanisms,print in place;living mechanism;foldable print;single print assembly,how do print-in-place parts work
Compliant Mechanisms,A,Design for 3D Printing,Mechanisms,compliant mechanism;flexure;flexure joint;printed flexure,what is a compliant mechanism
Keyways & D-Shafts,I,Design for 3D Printing,Fits,keyway;d shaft;shaft fit;press on shaft,how to fit a gear to a shaft
Bolt Bosses & Ribs,I,Design for 3D Printing,Fasteners,bolt boss;boss design;ribs;fastener boss,how to design a bolt boss
Stepper Motor Mounts,I,Design for 3D Printing,Fits,stepper mount;nema 17 mount;motor bracket;mount holes,how to mount a stepper
Bearing Mounts,I,Design for 3D Printing,Fits,bearing mount;bearing fit;ball bearing housing;press bearing,how to design a bearing mount
Scaling Parts & Shrinkage,I,Design for 3D Printing,Geometry,scale parts;shrinkage;print scale;oversize part,why scale up printed parts
Splitting Large Parts,I,Design for 3D Printing,Assembly,split large print;cut model;print in parts;large part assembly,how to split a big print
Dovetail Joins,I,Design for 3D Printing,Assembly,dovetail;dovetail joint;interlocking parts;wood joinery print,how to design a dovetail joint
Slot & Tab Assembly,I,Design for 3D Printing,Assembly,slot and tab;tab assembly;finger joint;knockdown joints,what is slot and tab joinery
Friction-Fit vs Epoxy,I,Design for 3D Printing,Assembly,friction fit;glue prints;epoxy join;joining parts,glue or friction fit parts
Design for Post-Processing,I,Design for 3D Printing,Post-Process Design,design for finishing;sanding design;finishing allowance;surface design,how does finishing change design
Text & Fonts on Parts,B,Design for 3D Printing,Geometry,text on 3d prints;fonts;small text;emboss text,how small can text be
QR Codes & Logos,I,Design for 3D Printing,Geometry,qr code print;logo on print;embedded logo;relief logo,how to print a QR code
Multi-Part Assemblies,I,Design for 3D Printing,Assembly,multi part;assembly design;modular print;part compatibility,how to design multi-part builds
GD&T for 3D Prints,A,Design for 3D Printing,Quality,gd&t;geometric tolerancing;datum;position tolerance,what GD&T applies to printing
Datum Features,A,Design for 3D Printing,Quality,datum;datum feature;reference surface;measuring prints,what is a datum feature
Sanding PLA & ABS,B,Post-Processing & Finishing,Sanding,sanding prints;sand pla;sand abs;wet sanding,how to sand 3d prints smooth
Acetone Smoothing ABS,I,Post-Processing & Finishing,Chemical Finishing,acetone smoothing;vapor smoothing abs;acetone bath;abs smoothing,how to smooth ABS with acetone
Chemical Smoothing Resin,A,Post-Processing & Finishing,Chemical Finishing,resin smoothing;chemical polish;solvent dip;ipa polish,how to smooth resin prints
Painting 3D Prints,I,Post-Processing & Finishing,Painting,paint prints;spray paint print;painting pla;primer paint,how to paint 3d prints
Primers & Fillers,I,Post-Processing & Finishing,Painting,primer;filler primer;spot putty;surface filler,what primer for prints
Epoxy Coating,I,Post-Processing & Finishing,Coating,epoxy coat;resin coat;epoxy finish;seal print,how to epoxy coat prints
Polishing Clear Prints,I,Post-Processing & Finishing,Sanding,polish prints;clear print;transparent print;buffing,how to make prints glossy
Vapor Smoothing Systems,A,Post-Processing & Finishing,Chemical Finishing,vapor smoothing;polysmooth;fume smoothing;vapor polish,what is vapor smoothing
Heat Gun Deburring,I,Post-Processing & Finishing,Deburring,heat gun;deburr print;string removal;heat smoothing,can I use a heat gun on prints
Support Removal Tools,B,Post-Processing & Finishing,Deburring,support removal;remove supports;snips;support tool,how to remove supports cleanly
Drill & Tap Printed Parts,I,Post-Processing & Finishing,Machining,drill prints;tap printed;thread tap pla;drill printed hole,can you tap printed parts
Thread Tapping PLA,I,Post-Processing & Finishing,Machining,tap pla;thread tap plastic;self tap;threaded hole,how to tap threads in PLA
Silicone Molding from Prints,A,Post-Processing & Finishing,Molding,silicone mold;mold from print;two part mold;casting mold,how to make a silicone mold from a print
Casting & Mold Making,A,Post-Processing & Finishing,Molding,resin casting;cast parts;mold making;metal casting print,how to cast parts from prints
Dyeing Nylon Parts,A,Post-Processing & Finishing,Chemical Finishing,dye nylon;nylon dye;rit dye;color nylon,how to dye nylon parts
Powder Coating,A,Post-Processing & Finishing,Coating,powder coat;powder coating;coated prints;durable coating,can prints be powder coated
Electroplating Prints,A,Post-Processing & Finishing,Coating,electroplating;metal plating;copper plate;chrome print,can you electroplate prints
CNC Finishing of Prints,A,Post-Processing & Finishing,Machining,cnc prints;machining printed parts;finish mill;cnc final pass,how to CNC finish a print
Welding Plastics,I,Post-Processing & Finishing,Joining,plastic weld;solder plastic;weld pla;friction weld,how to weld plastic parts
Weatherproofing Prints,I,Post-Processing & Finishing,Coating,waterproof print;weatherproof;seal print;uv coat,how to waterproof prints
SLA vs FDM,I,Advanced & Industrial AM,Process Comparison,sla vs fdm;resin vs filament;resin printer;fdm vs sla,sla or fdm printer
Resin Types,I,Advanced & Industrial AM,Resin Printing,resin types;tough resin;standard resin;resin properties,which resin should I use
Resin Washing & Curing,I,Advanced & Industrial AM,Resin Printing,resin washing;curing;ipa wash;cure station,how to wash and cure resin
MSLA & LCD Resolution,A,Advanced & Industrial AM,Resin Printing,msla;lcd printer;resolution resin;pixel size,what is msla printing
DLP vs LCD vs Laser,A,Advanced & Industrial AM,Resin Printing,dlp;lcd;laser sla;projector printing,dlp or lcd resin
Metal 3D Printing,A,Advanced & Industrial AM,Industrial AM,metal 3d printing;dmls;metal additive;printed metal parts,how does metal 3d printing work
SLS & Nylon Powder,A,Advanced & Industrial AM,Industrial AM,sls;powder bed;sls nylon;selective laser sintering,how does SLS work
MJF Technology,A,Advanced & Industrial AM,Industrial AM,mjf;multi jet fusion;hp mjf;powder printing,what is multi jet fusion
DMLS & LPBF,A,Advanced & Industrial AM,Industrial AM,dmls;lpbf;laser powder bed;metal am,dmls vs lpbf explained
FDM vs SLS,I,Advanced & Industrial AM,Process Comparison,fdm vs sls;sls vs fdm;powder vs filament;nylon sls,fdm or sls for parts
Continuous Carbon Fiber,A,Advanced & Industrial AM,Industrial AM,carbon fiber continuous;markforged;cf printing;continuous fiber,how does continuous carbon fiber printing work
Multi-Material AM,A,Advanced & Industrial AM,Industrial AM,multi material printing;multi jet;voxel printing;dissolvable,what is multi material printing
Industrial Print Farm,I,Advanced & Industrial AM,Industrial AM,print farm;production printing;batch printing;printer fleet,how do print farms work
AM vs Injection Molding,I,Advanced & Industrial AM,Process Comparison,am vs injection molding;3d printing vs molding;production parts;molding cost,when is printing cheaper than molding
Binder Jetting,A,Advanced & Industrial AM,Industrial AM,binder jetting;binder jet;sand printing;full color printing,what is binder jetting
Gears: How Teeth Engage,B,Mechanical Engineering,Gears,gears;gear teeth;gear mesh;how gears work,how do gears work
Gear Ratios,B,Mechanical Engineering,Gears,gear ratio;reduction ratio;torque gears;speed gears,what is a gear ratio
Planetary Gears,A,Mechanical Engineering,Gears,planetary gear;epicyclic;sun gear;gear box,how do planetary gears work
Bevel Gears,I,Mechanical Engineering,Gears,bevel gear;right angle drive;mitre gear;bevel angle,what are bevel gears for
Worm Gears,I,Mechanical Engineering,Gears,worm gear;worm drive;self locking;worm wheel,how does a worm gear work
Spur vs Helical Gears,I,Mechanical Engineering,Gears,spur gear;helical gear;gear noise;gear comparison,spur or helical gears
Bearings: How They Work,B,Mechanical Engineering,Bearings,bearings;ball bearing;how bearings work;bearing types,how do bearings work
Ball vs Roller Bearings,I,Mechanical Engineering,Bearings,ball bearing;roller bearing;bearing load;bearing type,ball or roller bearings
Preload & Bearing Life,A,Mechanical Engineering,Bearings,bearing preload;bearing life;l10 life;bearing stiffness,what is bearing preload
Lubrication Basics,I,Mechanical Engineering,Lubrication,lubrication;grease types;oil vs grease;bearing lube,what lubricant should I use
Threads & Fasteners,B,Mechanical Engineering,Fasteners,threads;fasteners;bolt;metric thread,how do threads work
Screw Types,I,Mechanical Engineering,Fasteners,screw types;machine screw;self tapping;bolt vs screw,which screw should I use
Torque & Tension,I,Mechanical Engineering,Fasteners,torque tension;bolt torque;clamp load;tightening torque,why does bolt torque matter
Loctite & Locking,I,Mechanical Engineering,Fasteners,loctite;threadlocker;lock nuts;vibration loosening,why do bolts come loose
Shaft Keys,I,Mechanical Engineering,Shafts,shaft key;keyway;woodruff key;torque transfer,what is a shaft key
Couplings,I,Mechanical Engineering,Shafts,coupling;shaft coupling;flex coupling;motor coupling,what type of coupling do I need
Springs: Coil & Leaf,I,Mechanical Engineering,Springs,springs;coil spring;leaf spring;spring rate,how do springs work
Belts & Pulleys,I,Mechanical Engineering,Power Transmission,belt pulley;timing belt;pulley ratio;belt drive,how do belts and pulleys work
Chains & Sprockets,I,Mechanical Engineering,Power Transmission,chain sprocket;chain drive;bike chain;roller chain,how do chains and sprockets work
Cams & Followers,A,Mechanical Engineering,Mechanisms,cam follower;cam mechanism;cam profile;cam shaft,how do cams work
Linkages & Four-Bar,A,Mechanical Engineering,Mechanisms,linkage;four bar;mechanism design;crank rocker,what is a four-bar linkage
Ratchets & Pawls,I,Mechanical Engineering,Mechanisms,ratchet;pawl;ratchet mechanism;one way,how does a ratchet work
Clutches,A,Mechanical Engineering,Power Transmission,clutch;clutch types;friction clutch;overrunning,how do clutches work
Brakes: Friction & Disc,I,Mechanical Engineering,Power Transmission,brakes;disc brake;friction brake;braking force,how do disc brakes work
Levers & Mechanical Advantage,B,Mechanical Engineering,Statics,lever;mechanical advantage;fulcrum;lever classes,what is mechanical advantage
Pulleys & Lifting,B,Mechanical Engineering,Statics,pulley;block and tackle;lifting;rope pulley,how do pulleys multiply force
Hydraulics & Pascal,B,Mechanical Engineering,Fluids,hydraulics;pascal law;hydraulic press;fluid power,how do hydraulics work
Pneumatics,I,Mechanical Engineering,Fluids,pneumatics;air cylinder;compressed air;actuators,how do pneumatic systems work
Pressure Vessels,A,Mechanical Engineering,Fluids,pressure vessel;hoop stress;pressure tank;burst pressure,how are pressure vessels designed
Shafts & Torsion,A,Mechanical Engineering,Shafts,torsion;shaft stress;twist angle;torque shaft,how much can a shaft twist
Press Fits,I,Mechanical Engineering,Fits,press fit;interference;interference fit;press tolerance,how do press fits hold
Heat Fits & Shrink Fits,A,Mechanical Engineering,Fits,shrink fit;heat fit;thermal fit;interference heat,what is a shrink fit
Clevis & Pin Joints,I,Mechanical Engineering,Fits,clevis;pin joint;shoulder bolt;clevis pin,how to design a clevis joint
Weld Types,I,Mechanical Engineering,Joining,weld types;fillet weld;butt weld;weld joints,what are the weld types
Rivets vs Bolts,I,Mechanical Engineering,Fasteners,rivets;bolts vs rivets;rivet joint;blind rivet,rivets or bolts
Structural Beam Basics,B,Mechanical Engineering,Statics,beam;bending;i beam;beam strength,how do beams carry load
Cantilever Loads,I,Mechanical Engineering,Statics,cantilever;overhang load;bending moment;cantilever beam,how much can a cantilever hold
Stress vs Strain,B,Mechanical Engineering,Materials,stress strain;stress strain curve;elastic;material strength,what is the difference between stress and strain
Yield vs Ultimate Strength,I,Mechanical Engineering,Materials,yield strength;ultimate strength;tensile test;material limits,yield or ultimate strength
Fatigue & Crack Growth,A,Mechanical Engineering,Materials,fatigue;metal fatigue;crack growth;cycle loading,why do parts fail from fatigue
Factor of Safety,I,Mechanical Engineering,Statics,factor of safety;design margin;safety factor;engineering design,what is factor of safety
Tolerance Stacks,A,Mechanical Engineering,Quality,tolerance stack;stack up;tolerance analysis;fit accumulation,what is a tolerance stack
Surface Finish Ra,I,Mechanical Engineering,Quality,surface finish;ra value;roughness;surface texture,what does surface roughness Ra mean
Hardness Scales,I,Mechanical Engineering,Materials,hardness;rockwell;shore durometer;vickers,how is material hardness measured
Anodizing,I,Mechanical Engineering,Surface Treatment,anodizing;anodized aluminum;hard anodize;aluminum finish,what does anodizing do
Galvanic Corrosion,I,Mechanical Engineering,Materials,galvanic corrosion;corrosion;aluminum steel;dissimilar metals,why do metals corrode together
Steel vs Aluminum,B,Mechanical Engineering,Materials,steel vs aluminum;aluminum or steel;material choice;metal strength,steel or aluminum
Titanium in Practice,A,Mechanical Engineering,Materials,titanium;ti parts;titanium strength;lightweight metal,when should you use titanium
Bushings vs Bearings,I,Mechanical Engineering,Bearings,bushing;bronze bushing;plain bearing;bearing vs bushing,bushing or bearing
Shim & Spacer Fit,I,Mechanical Engineering,Fits,shim;spacer;shimming;alignment shim,how are shims used
Friction: Static vs Kinetic,B,Physics of Engineering,Mechanics,friction;static friction;kinetic friction;stiction,static vs kinetic friction
Coefficient of Friction,I,Physics of Engineering,Mechanics,coefficient of friction;friction coefficient;mu;grip,what is coefficient of friction
Torque vs Power,I,Physics of Engineering,Mechanics,torque vs power;horsepower;torque curve;engine torque,torque or power which matters
RPM & Speed,B,Physics of Engineering,Mechanics,rpm;revolutions per minute;speed ratio;motor speed,what does rpm mean
Centrifugal vs Centripetal,I,Physics of Engineering,Mechanics,centrifugal force;centripetal;circular motion;fake force,centrifugal or centripetal
Flywheels & Energy Storage,A,Physics of Engineering,Mechanics,flywheel;energy storage;angular inertia;momentum wheel,how do flywheels store energy
Heat Transfer: Conduction,I,Physics of Engineering,Thermodynamics,conduction;heat transfer;thermal conductivity;conductive cooling,how does heat move through metal
Convection Cooling,I,Physics of Engineering,Thermodynamics,convection;air cooling;heat sink airflow;natural convection,how does convection cool parts
Radiation & Infrared,I,Physics of Engineering,Thermodynamics,radiation;infrared;emissivity;thermal radiation,how does heat radiate
Thermal Expansion,I,Physics of Engineering,Thermodynamics,thermal expansion;expansion coefficient;thermal growth;heat fit,why do metals expand when hot
Heat Sink Design,A,Physics of Engineering,Thermodynamics,heat sink;fin design;thermal resistance;cooling fins,how to design a heat sink
Thermal Interface Materials,A,Physics of Engineering,Thermodynamics,thermal paste;thermal pad;tim;interface material,thermal paste or pad
Archimedes & Buoyancy,B,Physics of Engineering,Fluids,buoyancy;archimedes;float;displacement,why do things float
Pressure & Force,B,Physics of Engineering,Fluids,pressure;force area;pascal;psi,what is pressure
Vacuum & Suction,I,Physics of Engineering,Fluids,vacuum;suction;negative pressure;vacuum cup,how does suction work
Bernoulli & Flow,I,Physics of Engineering,Fluids,bernoulli;fluid flow;pressure velocity;venturi,what is bernoulli's principle
Viscosity,I,Physics of Engineering,Fluids,viscosity;fluid thickness;oil viscosity;flow resistance,what is viscosity
Reynolds Number,A,Physics of Engineering,Fluids,reynolds number;laminar flow;turbulent flow;flow regime,what is the reynolds number
Drag & Streamlining,I,Physics of Engineering,Fluids,drag;aerodynamic drag;streamline;air resistance,what causes drag
Momentum & Impulse,I,Physics of Engineering,Mechanics,momentum;impulse;collision;impact force,what is impulse
Angular Momentum,I,Physics of Engineering,Mechanics,angular momentum;rotation;spinning;conservation momentum,what is angular momentum
Gyroscopes & Precession,A,Physics of Engineering,Mechanics,gyroscope;precession;gyroscopic;spinning wheel,why don't gyroscopes fall
Resonance & Natural Frequency,I,Physics of Engineering,Vibration,resonance;natural frequency;vibration;tuned frequency,what is resonance
Damping,I,Physics of Engineering,Vibration,damping;vibration damping;shock;energy absorption,what is damping
Structural Vibration,A,Physics of Engineering,Vibration,structural vibration;machine vibration;modal;vibration modes,why do machines vibrate
Elasticity & Hooke's Law,B,Physics of Engineering,Mechanics,hookes law;elasticity;spring constant;elastic deformation,what is hooke's law
Poisson's Ratio,A,Physics of Engineering,Materials,poissons ratio;lateral strain;material squeeze;expansion ratio,what is poisson's ratio
Center of Mass,I,Physics of Engineering,Mechanics,center of mass;balance point;center of gravity;stability,what is center of mass
Statics: Balanced Forces,B,Physics of Engineering,Mechanics,statics;balanced forces;equilibrium;force balance,what does equilibrium mean
Dynamics: F=ma in Machines,I,Physics of Engineering,Mechanics,newtons second law;f=ma;acceleration force;machine dynamics,how does f=ma apply to machines
Injection Molding,B,Manufacturing Processes,Molding,injection molding;mold;plastic molding;molded parts,how does injection molding work
CNC Milling,B,Manufacturing Processes,Machining,cnc milling;milling machine;end mill;cnc machining,how does cnc milling work
CNC Turning & Lathe,I,Manufacturing Processes,Machining,cnc turning;lathe;turning;spindle machining,how does cnc turning work
Laser Cutting,I,Manufacturing Processes,Cutting,laser cutting;laser cutter;co2 laser;cut sheet metal,how does laser cutting work
Waterjet Cutting,A,Manufacturing Processes,Cutting,waterjet;water jet cutting;abrasive jet;cold cutting,how does waterjet cutting work
Sheet Metal Bending,I,Manufacturing Processes,Forming,sheet metal;press brake;bend allowance;k factor,how is sheet metal bent
Aluminum Extrusion,I,Manufacturing Processes,Forming,aluminum extrusion;extrusion profiles;t slot;die extrusion,how is aluminum extruded
Die Casting,I,Manufacturing Processes,Molding,die casting;cast metal;zinc casting;aluminum casting,how does die casting work
Forging,I,Manufacturing Processes,Forming,forging;hammer forging;wrought metal;forged steel,how does forging work
Welding Basics,B,Manufacturing Processes,Joining,welding;mig;tig;stick welding,how does welding work
Brazing & Soldering,I,Manufacturing Processes,Joining,brazing;soldering;silver solder;capillary joint,brazing vs soldering
Heat Treatment,A,Manufacturing Processes,Materials,heat treatment;quenching;tempering;hardening steel,what is heat treatment
Annealing & Tempering,I,Manufacturing Processes,Materials,annealing;tempering;soft steel;stress relief,annealing vs tempering
EDM Machining,A,Manufacturing Processes,Machining,edm;electric discharge;wire edm;sinker edm,how does edm machining work
Grinding & Abrasives,I,Manufacturing Processes,Machining,grinding;abrasive;surface grinder;wheel grit,how does grinding work
Powder Metallurgy,A,Manufacturing Processes,Materials,powder metallurgy;sintering;metal powder;pm parts,how is powder metal made
Plating & Coating,I,Manufacturing Processes,Surface Treatment,plating;electroplating;coating;chrome plating,how does electroplating work
Sand Casting,I,Manufacturing Processes,Molding,sand casting;foundry;cast iron;green sand,how does sand casting work
Vacuum Forming,I,Manufacturing Processes,Forming,vacuum forming;thermoforming;plastic forming;blister mold,how does vacuum forming work
Rapid Prototyping vs Production,I,Manufacturing Processes,Process Selection,rapid prototyping;prototype vs production;production parts;prototyping methods,prototyping or production
Tolerancing in Machining,A,Manufacturing Processes,Quality,machining tolerance;cnc tolerance;hold tolerance;tight tolerance,what tolerance can cnc hold
Thread Cutting Methods,I,Manufacturing Processes,Machining,thread cutting;threading;tap vs die;thread mill,how are threads made
Mold Design Basics,A,Manufacturing Processes,Molding,mold design;draft in mold;ejector pins;mold tooling,what makes a good mold
Batch vs Mass Production,B,Manufacturing Processes,Process Selection,batch production;mass production;production scale;manufacturing scale,batch or mass production
DFM Principles,I,Manufacturing Processes,Process Selection,dfm;design for manufacturing;manufacturable design;dfa,what is design for manufacturing
Stepper Motors Deep Dive,I,Electronics & Motors,Motors,stepper motor;how stepper works;nema;motor steps,how does a stepper motor work
Servo Motors,I,Electronics & Motors,Motors,servo;servo motor;position control;servo vs stepper,how do servo motors work
BLDC Motors,A,Electronics & Motors,Motors,bldc;brushless;ec motor;motor commutation,how do brushless motors work
DC Motors Basics,B,Electronics & Motors,Motors,dc motor;brushed motor;motor basics;motor speed control,how does a dc motor work
Motor Drivers & H-Bridges,I,Electronics & Motors,Power Electronics,h bridge;motor driver;l298n;mosfet driver,how does an h bridge work
Encoders,I,Electronics & Motors,Sensors,encoder;rotary encoder;quadrature;position feedback,how do encoders work
Ohm's Law,B,Electronics & Motors,Fundamentals,ohms law;voltage current resistance;v=ir;circuits,what is ohm's law
Power: Watts & Efficiency,B,Electronics & Motors,Fundamentals,watts;power;efficiency;electrical power,what is electrical power
Voltage Dividers,I,Electronics & Motors,Fundamentals,voltage divider;resistor divider;signal scaling;sensor read,how does a voltage divider work
PWM Explained,I,Electronics & Motors,Fundamentals,pwm;pulse width modulation;duty cycle;fan control,what is pwm
Thermistors & Sensors,I,Electronics & Motors,Sensors,thermistor;ntc;temperature sensor;resistance temperature,how do temperature sensors work
Relays vs MOSFETs,I,Electronics & Motors,Switching,relay;mosfet;solid state switch;switching loads,relay or mosfet
Batteries: Cells & Series,I,Electronics & Motors,Power,battery cells;series parallel;18650;voltage pack,how do batteries connect
Charging & Protection,I,Electronics & Motors,Power,charging;bms;overcharge;cell protection,how does battery protection work
Cable & Wire Gauge,I,Electronics & Motors,Wiring,wire gauge;awg;cable sizing;current wire,what wire gauge do I need
Soldering Basics,B,Electronics & Motors,Wiring,soldering;through hole;joint quality;solder,how to solder
PCBs & Traces,I,Electronics & Motors,Electronics Design,pcb;printed circuit board;trace width;pcb design,what is a pcb
Microcontrollers,B,Electronics & Motors,Embedded,microcontroller;arduino;mcu;embedded control,what is a microcontroller
3D Printer Control Boards,I,Electronics & Motors,Embedded,control board;printer mcu;octopus board;mainboard,what does the control board do
Wiring & Connectors,I,Electronics & Motors,Wiring,connectors;jst;dupon;xt60;wiring harness,which connector should I use
Fuses & Protection,I,Electronics & Motors,Safety,fuses;overcurrent;protection;circuit breaker,why do fuses matter
Grounding & Noise,A,Electronics & Motors,EMC,grounding;ground loop;signal noise;common ground,why does grounding matter
EMI & Interference,A,Electronics & Motors,EMC,emi;interference;shield;noise suppression,why does my signal have noise
Power Supplies & Ratings,I,Electronics & Motors,Power,power supply;psu rating;current rating;power needs,how to choose a power supply
Multimeter Skills,B,Electronics & Motors,Measurement,multimeter;measuring voltage;continuity;meter basics,how to use a multimeter
Calipers,B,"Tools, Measurement & Practice",Measuring,calipers;vernier;digital caliper;measuring parts,how to use calipers
Micrometers,I,"Tools, Measurement & Practice",Measuring,micrometer;mic;measuring precision;ratchet stop,how to use a micrometer
Dial Indicators,I,"Tools, Measurement & Practice",Measuring,dial indicator;dti;runout;measure runout,how to use a dial indicator
Torque Wrenches,I,"Tools, Measurement & Practice",Measuring,torque wrench;torque spec;click torque;tighten bolts,how to use a torque wrench
Feeler Gauges,I,"Tools, Measurement & Practice",Measuring,feeler gauge;gap measurement;thickness gauge;set gap,how to use feeler gauges
Square & Flatness Checks,I,"Tools, Measurement & Practice",Measuring,square;flatness;surface plate;check square,how to check for square
Measuring Threads,I,"Tools, Measurement & Practice",Measuring,measure threads;pitch gauge;thread pitch;thread size,how to measure a thread
Precision Basics,B,"Tools, Measurement & Practice",Measuring,precision;accuracy;measurement error;repeatability,precision vs accuracy
Dial vs Digital Readouts,I,"Tools, Measurement & Practice",Measuring,dial readout;digital readout;dro;lathe readout,dial or digital readout
Shop Safety Basics,B,"Tools, Measurement & Practice",Workshop,shop safety;safety gear;eye protection;workshop rules,what safety gear do I need
Workshop Lighting,I,"Tools, Measurement & Practice",Workshop,workshop lighting;workbench light;task lighting;color temp,what lighting for a workshop
Workholding,I,"Tools, Measurement & Practice",Workshop,workholding;vise;clamps;hold parts,how to hold parts for machining
Vises & Clamps,B,"Tools, Measurement & Practice",Workshop,vise;clamps;f-clamp;quick clamp,which clamp do I need
Cutting Tools & Bits,I,"Tools, Measurement & Practice",Workshop,cutting tools;end mill bits;drill bits;tool selection,which cutting tool for what
Deburring Tools,B,"Tools, Measurement & Practice",Workshop,deburr;deburring tool;edge cleanup;chamfer tool,how to deburr edges
Precision Squares,I,"Tools, Measurement & Practice",Measuring,precision square;engineers square;check square;90 degrees,how to check 90 degrees
Gauge Blocks,A,"Tools, Measurement & Practice",Measuring,gauge blocks;jo blocks;reference standard;calibration,what are gauge blocks
Laser Levels,B,"Tools, Measurement & Practice",Workshop,laser level;leveling;alignment laser;layout tool,how to use a laser level
Micrometer vs Caliper,I,"Tools, Measurement & Practice",Measuring,micrometer vs caliper;which measuring tool;precision tool,micrometer or caliper
Tolerance Measurement,I,"Tools, Measurement & Practice",Measuring,measure tolerance;check dimensions;quality control;gauge part,how to verify a dimension
